{
  "properties": {
    "connectionReferences": {
      "shared_commondataserviceforapps": {
        "runtimeSource": "embedded",
        "connection": {
          "connectionReferenceLogicalName": "argroup_sharedcommondataserviceforapps_14c56"
        },
        "api": {
          "name": "shared_commondataserviceforapps"
        }
      }
    },
    "definition": {
      "$schema": "https://schema.management.azure.com/providers/Microsoft.Logic/schemas/2016-06-01/workflowdefinition.json#",
      "contentVersion": "1.0.0.0",
      "parameters": {
        "$connections": {
          "defaultValue": {},
          "type": "Object"
        },
        "$authentication": {
          "defaultValue": {},
          "type": "SecureObject"
        },
        "GeoLocations_API_Key (argroup_GeoLocations_API_Key)": {
          "defaultValue": "811d663ccbc0426b997fb5590e464852",
          "type": "String",
          "metadata": {
            "schemaName": "argroup_GeoLocations_API_Key"
          }
        }
      },
      "triggers": {
        "Log_Complaint_-_Get_Location": {
          "metadata": {
            "operationMetadataId": "063d26df-f9e2-4f96-90e7-e41b8e3349da"
          },
          "type": "OpenApiConnectionWebhook",
          "inputs": {
            "host": {
              "connectionName": "shared_commondataserviceforapps",
              "operationId": "SubscribeWebhookTrigger",
              "apiId": "/providers/Microsoft.PowerApps/apis/shared_commondataserviceforapps"
            },
            "parameters": {
              "subscriptionRequest/message": 1,
              "subscriptionRequest/entityname": "argroup_complaints",
              "subscriptionRequest/scope": 4
            },
            "authentication": "@parameters('$authentication')"
          }
        }
      },
      "actions": {
        "HTTP_Request_-_Call_GeoLocation_API": {
          "runAfter": {},
          "metadata": {
            "operationMetadataId": "30915c55-ef22-4563-afa2-50b2c4f5ba18"
          },
          "type": "Http",
          "inputs": {
            "method": "GET",
            "uri": "https://api.ipgeolocation.io/ipgeo?apiKey=@{parameters('GeoLocations_API_Key (argroup_GeoLocations_API_Key)')}&ip=@{triggerOutputs()?['body/argroup_ipaddress']}\n\n\n\n"
          }
        },
        "Parse_JSON_-_Extract_Latitude_-_Longitude": {
          "runAfter": {
            "HTTP_Request_-_Call_GeoLocation_API": [
              "Succeeded"
            ]
          },
          "metadata": {
            "operationMetadataId": "52e8f138-c3b2-4954-91b6-0f48366b8e10"
          },
          "type": "ParseJson",
          "inputs": {
            "content": "@body('HTTP_Request_-_Call_GeoLocation_API')",
            "schema": {
              "type": "object",
              "properties": {
                "ip": {
                  "type": "string"
                },
                "continent_code": {
                  "type": "string"
                },
                "continent_name": {
                  "type": "string"
                },
                "country_code2": {
                  "type": "string"
                },
                "country_code3": {
                  "type": "string"
                },
                "country_name": {
                  "type": "string"
                },
                "country_name_official": {
                  "type": "string"
                },
                "country_capital": {
                  "type": "string"
                },
                "state_prov": {
                  "type": "string"
                },
                "state_code": {
                  "type": "string"
                },
                "district": {
                  "type": "string"
                },
                "city": {
                  "type": "string"
                },
                "zipcode": {
                  "type": "string"
                },
                "latitude": {
                  "type": "string"
                },
                "longitude": {
                  "type": "string"
                },
                "is_eu": {
                  "type": "boolean"
                },
                "calling_code": {
                  "type": "string"
                },
                "country_tld": {
                  "type": "string"
                },
                "languages": {
                  "type": "string"
                },
                "country_flag": {
                  "type": "string"
                },
                "geoname_id": {
                  "type": "string"
                },
                "isp": {
                  "type": "string"
                },
                "connection_type": {
                  "type": "string"
                },
                "organization": {
                  "type": "string"
                },
                "country_emoji": {
                  "type": "string"
                },
                "currency": {
                  "type": "object",
                  "properties": {
                    "code": {
                      "type": "string"
                    },
                    "name": {
                      "type": "string"
                    },
                    "symbol": {
                      "type": "string"
                    }
                  }
                },
                "time_zone": {
                  "type": "object",
                  "properties": {
                    "name": {
                      "type": "string"
                    },
                    "offset": {
                      "type": "integer"
                    },
                    "offset_with_dst": {
                      "type": "integer"
                    },
                    "current_time": {
                      "type": "string"
                    },
                    "current_time_unix": {
                      "type": "number"
                    },
                    "is_dst": {
                      "type": "boolean"
                    },
                    "dst_savings": {
                      "type": "integer"
                    },
                    "dst_exists": {
                      "type": "boolean"
                    },
                    "dst_start": {
                      "type": "object",
                      "properties": {
                        "utc_time": {
                          "type": "string"
                        },
                        "duration": {
                          "type": "string"
                        },
                        "gap": {
                          "type": "boolean"
                        },
                        "dateTimeAfter": {
                          "type": "string"
                        },
                        "dateTimeBefore": {
                          "type": "string"
                        },
                        "overlap": {
                          "type": "boolean"
                        }
                      }
                    },
                    "dst_end": {
                      "type": "object",
                      "properties": {
                        "utc_time": {
                          "type": "string"
                        },
                        "duration": {
                          "type": "string"
                        },
                        "gap": {
                          "type": "boolean"
                        },
                        "dateTimeAfter": {
                          "type": "string"
                        },
                        "dateTimeBefore": {
                          "type": "string"
                        },
                        "overlap": {
                          "type": "boolean"
                        }
                      }
                    }
                  }
                }
              }
            }
          }
        },
        "Update_Complaint_with_GeoLocation": {
          "runAfter": {
            "Parse_JSON_-_Extract_Latitude_-_Longitude": [
              "Succeeded"
            ]
          },
          "metadata": {
            "operationMetadataId": "5f13baae-e64d-4262-9fcd-16819ed03670"
          },
          "type": "OpenApiConnection",
          "inputs": {
            "host": {
              "connectionName": "shared_commondataserviceforapps",
              "operationId": "UpdateOnlyRecord",
              "apiId": "/providers/Microsoft.PowerApps/apis/shared_commondataserviceforapps"
            },
            "parameters": {
              "entityName": "argroup_complaintses",
              "recordId": "@triggerOutputs()?['body/argroup_complaintsid']",
              "item/argroup_ipaddress": "@body('Parse_JSON_-_Extract_Latitude_-_Longitude')?['ip']",
              "item/argroup_latitude": "@body('Parse_JSON_-_Extract_Latitude_-_Longitude')?['latitude']",
              "item/argroup_longitude": "@body('Parse_JSON_-_Extract_Latitude_-_Longitude')?['longitude']"
            },
            "authentication": "@parameters('$authentication')"
          }
        }
      }
    },
    "templateName": ""
  },
  "schemaVersion": "1.0.0.0"
}