{
  "properties": {
    "connectionReferences": {
      "shared_commondataserviceforapps": {
        "runtimeSource": "embedded",
        "connection": {
          "connectionReferenceLogicalName": "argroup_sharedcommondataserviceforapps_14c56"
        },
        "api": {
          "name": "shared_commondataserviceforapps"
        }
      }
    },
    "definition": {
      "$schema": "https://schema.management.azure.com/providers/Microsoft.Logic/schemas/2016-06-01/workflowdefinition.json#",
      "contentVersion": "1.0.0.0",
      "parameters": {
        "$connections": {
          "defaultValue": {},
          "type": "Object"
        },
        "$authentication": {
          "defaultValue": {},
          "type": "SecureObject"
        },
        "SendGrid_API_Key (argroup_SendGrid_API_Key)": {
          "defaultValue": "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",
          "type": "String",
          "metadata": {
            "schemaName": "argroup_SendGrid_API_Key",
            "description": "SendGrid API"
          }
        }
      },
      "triggers": {
        "When_a_New_Complaint_is_made": {
          "metadata": {
            "operationMetadataId": "4bd003ff-ddd3-4173-a46f-b25d9dee274e"
          },
          "type": "OpenApiConnectionWebhook",
          "inputs": {
            "host": {
              "connectionName": "shared_commondataserviceforapps",
              "operationId": "SubscribeWebhookTrigger",
              "apiId": "/providers/Microsoft.PowerApps/apis/shared_commondataserviceforapps"
            },
            "parameters": {
              "subscriptionRequest/message": 1,
              "subscriptionRequest/entityname": "argroup_complaints",
              "subscriptionRequest/scope": 4
            },
            "authentication": "@parameters('$authentication')"
          }
        }
      },
      "actions": {
        "Get_Complaint_ID": {
          "runAfter": {},
          "metadata": {
            "operationMetadataId": "7c5bd54b-89c9-4c8f-89dc-fff9c648c997"
          },
          "type": "OpenApiConnection",
          "inputs": {
            "host": {
              "connectionName": "shared_commondataserviceforapps",
              "operationId": "GetItem",
              "apiId": "/providers/Microsoft.PowerApps/apis/shared_commondataserviceforapps"
            },
            "parameters": {
              "entityName": "argroup_complaintses",
              "recordId": "@triggerOutputs()?['body/argroup_complaintsid']"
            },
            "authentication": "@parameters('$authentication')"
          }
        },
        "HTTP_-_Send_Notification_to_Inspector": {
          "runAfter": {
            "Get_Inspector_Assigned": [
              "Succeeded"
            ]
          },
          "metadata": {
            "operationMetadataId": "dd65954e-7806-4caa-9b77-57ec8b79f3d0"
          },
          "type": "Http",
          "inputs": {
            "method": "POST",
            "uri": "https://api.sendgrid.com/v3/mail/send",
            "headers": {
              "Authorization": "Bearer @{parameters('SendGrid_API_Key (argroup_SendGrid_API_Key)')}",
              "Content-Type": "application/json"
            },
            "body": {
              "personalizations": [
                {
                  "to": [
                    {
                      "email": "@{outputs('Get_Inspector_Assigned')?['body/argroup_inspectoremail']}"
                    }
                  ],
                  "subject": "New Complaint Logged - Please Review"
                }
              ],
              "from": {
                "email": "andredev00@outlook.com"
              },
              "content": [
                {
                  "type": "text/html",
                  "value": "<!DOCTYPE html><html><body style='font-family: Arial, sans-serif; line-height: 1.6; color: #333;'><h2 style='color: #0056B3;'>New Complaint Logged - Please Review</h2><p>Dear Inspector,</p><p>A new complaint has been logged in the system. Here are the details:</p><ul><li><strong>Resident Email:</strong> @{triggerOutputs()?['body/argroup_emailaddress']}</li><li><strong>Details:</strong> @{triggerOutputs()?['body/argroup_details']}</li><li><strong>Geolocation:</strong> Latitude:@{outputs('Get_Complaint_ID')?['body/argroup_latitude']} , Longitude: @{outputs('Get_Complaint_ID')?['body/argroup_longitude']}</li></ul><p>Please click the link below to action this complaint:</p><a href='https://andredev.crm4.dynamics.com/main.aspx?appid=f40837d0-030f-f011-998a-7c1e5220b753&pagetype=entityrecord&etn=argroup_complaints&id=@{triggerOutputs()?['body/argroup_complaintsid']}&pagetype=entityrecord' style='color: #0056B3; text-decoration: none;'>View Complaint</a><p>Thank you,<br>WorkSpace</p></body></html>"
                }
              ]
            }
          }
        },
        "Get_Inspector_Assigned": {
          "runAfter": {
            "Get_Complaint_ID": [
              "Succeeded"
            ]
          },
          "metadata": {
            "operationMetadataId": "73616295-a5f5-4d12-8c0e-5a85cf806fcf"
          },
          "type": "OpenApiConnection",
          "inputs": {
            "host": {
              "connectionName": "shared_commondataserviceforapps",
              "operationId": "GetItem",
              "apiId": "/providers/Microsoft.PowerApps/apis/shared_commondataserviceforapps"
            },
            "parameters": {
              "entityName": "argroup_inspectors",
              "recordId": "@outputs('Get_Complaint_ID')?['body/_argroup_assignedinspector_value']"
            },
            "authentication": "@parameters('$authentication')"
          }
        }
      }
    },
    "templateName": ""
  },
  "schemaVersion": "1.0.0.0"
}