{
  "properties": {
    "connectionReferences": {
      "shared_commondataserviceforapps": {
        "runtimeSource": "embedded",
        "connection": {
          "connectionReferenceLogicalName": "argroup_sharedcommondataserviceforapps_14c56"
        },
        "api": {
          "name": "shared_commondataserviceforapps"
        }
      }
    },
    "definition": {
      "$schema": "https://schema.management.azure.com/providers/Microsoft.Logic/schemas/2016-06-01/workflowdefinition.json#",
      "contentVersion": "1.0.0.0",
      "parameters": {
        "$connections": {
          "defaultValue": {},
          "type": "Object"
        },
        "$authentication": {
          "defaultValue": {},
          "type": "SecureObject"
        },
        "SendGrid_API_Key (argroup_SendGrid_API_Key)": {
          "defaultValue": "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",
          "type": "String",
          "metadata": {
            "schemaName": "argroup_SendGrid_API_Key",
            "description": "SendGrid API"
          }
        }
      },
      "triggers": {
        "When_Status_is_updated": {
          "metadata": {
            "operationMetadataId": "d2c620a6-f154-4259-b3e3-1449e83a6268"
          },
          "type": "OpenApiConnectionWebhook",
          "inputs": {
            "host": {
              "connectionName": "shared_commondataserviceforapps",
              "operationId": "SubscribeWebhookTrigger",
              "apiId": "/providers/Microsoft.PowerApps/apis/shared_commondataserviceforapps"
            },
            "parameters": {
              "subscriptionRequest/message": 3,
              "subscriptionRequest/entityname": "argroup_complaints",
              "subscriptionRequest/scope": 4,
              "subscriptionRequest/filteringattributes": "argroup_status"
            },
            "authentication": "@parameters('$authentication')"
          }
        }
      },
      "actions": {
        "Check_Status": {
          "runAfter": {
            "Get_Complaints_Status": [
              "Succeeded"
            ]
          },
          "cases": {
            "If_In_Progress": {
              "case": 310100001,
              "actions": {
                "HTTP_-_send_In_progress_Email_to_Resident_": {
                  "runAfter": {},
                  "metadata": {
                    "operationMetadataId": "d8704b96-90ef-4250-8063-a8fc67d8cd78"
                  },
                  "type": "Http",
                  "inputs": {
                    "method": "POST",
                    "uri": "https://api.sendgrid.com/v3/mail/send",
                    "headers": {
                      "Authorization": "Bearer @{parameters('SendGrid_API_Key (argroup_SendGrid_API_Key)')}",
                      "Content-Type": "application/json"
                    },
                    "body": {
                      "personalizations": [
                        {
                          "to": [
                            {
                              "email": "@{outputs('Get_Complaints_Status')?['body/argroup_emailaddress']}"
                            }
                          ],
                          "subject": "Your Complaint Is In Progress"
                        }
                      ],
                      "from": {
                        "email": "andredev00@outlook.com"
                      },
                      "content": [
                        {
                          "type": "text/html",
                          "value": "<!DOCTYPE html><html><body style='font-family: Arial, sans-serif; line-height: 1.6;'><h2 style='color: #0056B3;'>Your Complaint Is now In Progress</h2><p>Dear Resident,</p><p>Your complaint has been actioned by our inspector and is now In Progress. Here are the details:</p><ul><li><strong>Complaint Title:</strong> @{outputs('Get_Complaints_Status')?['body/argroup_complainttitle']}</li><li><strong>Details:</strong> @{outputs('Get_Complaints_Status')?['body/argroup_details']}</li><li><strong>Status:@{outputs('Get_Complaints_Status')?['body/argroup_status@OData.Community.Display.V1.FormattedValue']}</strong> </li></ul><p>If you have any further questions, please don't hesitate to contact us.</p><p>Thank you,<br>WorkSpace</p></body></html>"
                        }
                      ]
                    }
                  }
                }
              }
            },
            "If_Resolved": {
              "case": 310100002,
              "actions": {
                "HTTP_-_send_Resolved_email_to_Resident": {
                  "runAfter": {},
                  "metadata": {
                    "operationMetadataId": "25d9b9cd-41b5-41cc-b23f-2214aca2083d"
                  },
                  "type": "Http",
                  "inputs": {
                    "method": "POST",
                    "uri": "https://api.sendgrid.com/v3/mail/send",
                    "headers": {
                      "Authorization": "Bearer @{parameters('SendGrid_API_Key (argroup_SendGrid_API_Key)')}",
                      "Content-Type": "application/json"
                    },
                    "body": {
                      "personalizations": [
                        {
                          "to": [
                            {
                              "email": "@{outputs('Get_Complaints_Status')?['body/argroup_emailaddress']}"
                            }
                          ],
                          "subject": "Your Complaint Has Been Resolved"
                        }
                      ],
                      "from": {
                        "email": "andredev00@outlook.com"
                      },
                      "content": [
                        {
                          "type": "text/html",
                          "value": "<!DOCTYPE html><html><body style='font-family: Arial, sans-serif; line-height: 1.6;'><h2 style='color: #0056B3;'>Your Complaint has now been Resolved </h2><p>Dear Resident,</p><p>Your complaint has been actioned by our inspector and has now been Resolved. Here are the details:</p><ul><li><strong>Complaint Title:</strong> @{outputs('Get_Complaints_Status')?['body/argroup_complainttitle']}</li><li><strong>Details:</strong> @{outputs('Get_Complaints_Status')?['body/argroup_details']}</li><li><strong>Status:@{outputs('Get_Complaints_Status')?['body/argroup_status@OData.Community.Display.V1.FormattedValue']}</strong> </li></ul><p>If you have any further questions, please don't hesitate to contact us.</p><p>Thank you,<br>WorkSpace</p></body></html>"
                        }
                      ]
                    }
                  }
                }
              }
            }
          },
          "default": {
            "actions": {}
          },
          "expression": "@outputs('Get_Complaints_Status')?['body/argroup_status']",
          "metadata": {
            "operationMetadataId": "e9ccf6d9-e094-4f1b-90dc-571369d64024"
          },
          "type": "Switch"
        },
        "Get_Complaints_Status": {
          "runAfter": {},
          "metadata": {
            "operationMetadataId": "c8cf7fd7-3de6-4afe-9216-23bfdee5a9a4"
          },
          "type": "OpenApiConnection",
          "inputs": {
            "host": {
              "connectionName": "shared_commondataserviceforapps",
              "operationId": "GetItem",
              "apiId": "/providers/Microsoft.PowerApps/apis/shared_commondataserviceforapps"
            },
            "parameters": {
              "entityName": "argroup_complaintses",
              "recordId": "@triggerOutputs()?['body/argroup_complaintsid']"
            },
            "authentication": "@parameters('$authentication')"
          }
        }
      }
    },
    "templateName": ""
  },
  "schemaVersion": "1.0.0.0"
}