<environmentvariabledefinition schemaname="argroup_SendGrid_API_Key">
  <defaultvalue>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</defaultvalue>
  <description default="SendGrid API">
    <label description="SendGrid API" languagecode="1033" />
  </description>
  <displayname default="SendGrid_API_Key">
    <label description="SendGrid_API_Key" languagecode="1033" />
  </displayname>
  <introducedversion>1.0.0.0</introducedversion>
  <iscustomizable>1</iscustomizable>
  <isrequired>0</isrequired>
  <secretstore>0</secretstore>
  <type>100000000</type>
</environmentvariabledefinition>